query,reference,prediction,mixed_score,KNN,Random Forest,Decision Tree,Naive Bayes,SVM
TTS_HO_leken,RB-onderin-de-tas-ligt-moe-heur-poddemonnee,0.95686734160998,0.8787071908375577,0,0,0,0,0
TTS_HO_leken,GD-langzoam-ston-paulien-op-en-luip-noar-de-raande-van-t-teneel-en-boog-noar-ale-kaanten,0.9473903580813834,0.8962692630845696,0,0,0,0,0
TTS_HO_leken,RB-as-ze-noar-huus-tou-lopen-hebben-ze-de-grootste-lol-om-dij-male-gruinteboer,0.9337073063842976,0.8729054098287085,0,0,0,0,0
TTS_HO_leken,GD-mor-dou-ze-goud-keek-zag-ze-dat-t-n-klaain-vogeltje-was,0.9319600611157148,0.8580730028883728,0,0,0,0,0
TTS_HO_leken,RB-ze-lopen-noar-de-gruinteboer-tou,0.9276431277715944,0.8492853439057354,0,0,0,0,0
TTS_HO_leken,OV-aapmoal-n-beetje-aans,0.92708471806254,0.8323714867410654,0,0,0,0,0
TTS_HO_leken,RB-ik-goa-ook-noar-huus-tou,0.9219152409911252,0.809916944988827,0,0,0,0,0
TTS_HO_leken,HS-t-was-nog-te-vroug,0.9202387948515384,0.8117814256851968,0,0,0,0,0
TTS_HO_leken,HS-t-was-nog-volop-winter-in-toen,0.9189080443171308,0.8192492193339188,0,0,0,0,0
TTS_HO_leken,HS-mor-dou-was-der-ain-noakend-wiefke-dat-n-plan-kreeg,0.9170866988675171,0.857996670318894,0,0,0,0,0
TTS_HO_leken,HS-zag-n-swaart-gat,0.9145385739427774,0.8314914267233001,0,0,0,0,0
TTS_HO_leken,RB-elk-gaait-noar-zien-aigen-huus-tou,0.9144735437888106,0.8112175864599672,0,0,0,0,0
TTS_HO_leken,RB-hai-hoalt-n-benaneschil-teveurschien-en-let-hom-aan-dkinder-zain,0.9140105043293566,0.8375897737603021,0,0,0,0,0
TTS_HO_leken,GD-wiert-mos-der-aalweg-noar-kieken,0.9139777534500706,0.868688552747971,0,0,0,0,0
TTS_HO_leken,OV-an-alle-huze-in-de-straote-hangt-vlaggen,0.9134884340205078,0.8743433672015586,0,0,0,0,0
TTS_HO_leken,HS-doe-kinst-dien-haile-leven-nog-op-t-nust-liggen,0.9121454506585228,0.8958351446173989,0,0,0,0,0
TTS_HO_leken,GD-ze-wollen-aiglieks-nog-aal-open-blieven,0.9120750712932544,0.8948327525751391,0,0,0,0,0
TTS_HO_leken,GD-wat-kon-hom-t-ook-verschelen,0.91091866656594,0.8507143840996315,0,0,0,0,0
TTS_HO_leken,HS-mor-dij-is-toch-soavends-dicht,0.9108750344312868,0.8620258197732071,0,0,0,0,0
TTS_HO_leken,OV-en-toun-bluizen-ze-aal-de-popkes-ain-veur-ain-leven-ien,0.910655336602186,0.9192670114329305,0,0,0,0,0
TTS_HO_leken,HS-kropen-ze-wel-van-zien-rug-of-en-zollen-heur-deur-bult-hin-vrozzeln,0.9098158785313591,0.8058898612703556,0,0,0,0,0
TTS_HO_leken,GD-de-keunegin-zat-noast-hom-en-huil-zien-pootje-vaste,0.9093310037228804,0.8456066941095997,0,0,0,0,0
TTS_HO_leken,RB-de-muskes-werden-wat-driester-en-duurfden-allerdeegs-op-t-bredje-stoan-om-te-kieken-wat-der-zo-aal-omweg-ging,0.9087562795683668,0.8709715419682115,0,0,0,0,0
TTS_HO_leken,HS-t-was-november-en-hail-stil-boetendeur,0.9073706371974156,0.8345319318221075,0,0,0,0,0
TTS_HO_leken,HS-zo-vlogen-zover-meulenweg-vlak-bie-bomen-laangs,0.9071446739407064,0.88606842036861,0,0,0,0,0
TTS_HO_leken,OV-nou-is-t-tied-om-heur-leven-ien-te-bloazen,0.9070090359251938,0.9008895720489248,0,0,0,0,0
TTS_HO_leken,HS-bist-doe-gek,0.9059416710170471,0.855513085625609,0,0,0,0,0
TTS_HO_leken,HS-wel-dat-dudelk-vernemen-kon-was-swaarde-mol,0.9056675743012248,0.8771240478979335,0,0,0,0,0
TTS_HO_leken,HS-as-mien-mamme-wait-dak-nait-op-ber-lig-din-is-t-nait-best,0.90513761783764,0.8613091340747453,0,0,0,0,0
TTS_HO_leken,HS-geef-els-mor-n-sloapmutske-mit-veur-thoes,0.9037998185778338,0.8827097132942824,0,0,0,0,0
TTS_HO_leken,HS-veurlopeg-even-nait,0.9036099065088804,0.86346636149708,0,0,0,0,0
TTS_HO_leken,GD-mor-t-mooie-licht-was-vot,0.9019803832482159,0.8425082385066117,0,0,0,0,0
TTS_HO_leken,GD-pa-en-moe-en-oma-mozzen-der-haard-om-laggen,0.9003864815051352,0.8567870212138956,0,0,0,0,0
TTS_HO_leken,GD-op-n-flewailen-kuzzentje-lag-n-golden-medallie-aan-n-rood-zieden-lint,0.89951847784744,0.8398182524235421,0,0,0,0,0
TTS_HO_leken,GD-ze-luip-t-middenpad-deur-en-ale-mensen-begonnen-haard-te-klappen,0.8995170903872548,0.8345009429343264,0,0,0,0,0
TTS_HO_leken,RB-den-slokt-hai-n-moal-of-wat,0.8992577414637691,0.8170442949284965,0,0,0,0,0
TTS_HO_leken,OV-aapmoal-verschillend-mor-aapmoal-prachteg-van-kleur,0.8990642915325168,0.856498846101933,0,0,0,0,0
TTS_HO_leken,OV-loat-we-nog-n-poar-moaken,0.8986657499390959,0.8508957665999008,0,0,0,0,0
TTS_HO_leken,RB-zij-wollen-der-toch-es-op-of-om-te-kieken-of-dat-knusse-behuzinkje-wat-veur-heur-weden-zol,0.8968742868940129,0.8393349696508053,0,0,0,0,0
TTS_HO_leken,HS-wat-broene-bloaren-lagen-as-n-deken-over-grond,0.8940603123183908,0.8812905180278553,0,0,0,0,0
TTS_HO_leken,OV-dou-der-zes-eetlepels-waarme-melk-bie,0.8933813529187536,0.9106436159461162,1,1,1,0,0
TTS_HO_leken,HS-en-lekker-dreumen-over-van-ales-en-nog-wat,0.8923573209133773,0.8717884591720986,0,0,0,0,0
TTS_HO_leken,OV-hai-is-slim-lekker,0.8916432939270166,0.8692377469601125,0,0,0,0,0
TTS_HO_leken,HS-noakende-wiefkes-wollen-noamelk-noar-boeten-tou,0.8910812804118142,0.8615450282147159,0,0,0,0,0
TTS_HO_leken,HS-en-dou-mozzen-ze-nog-n-poar-treden-noar-kelder-tou,0.8908103135179486,0.8633874499911971,0,0,0,0,0
TTS_HO_leken,RB-mit-mekoar-goan-dkinder-kieken-woar-wilco-zit,0.8906923366293484,0.8490731728565332,0,0,0,0,0
TTS_HO_leken,GD-ze-keek-noar-t-nachtkassie-mor-kon-de-staine-nait-zain,0.8899815859981854,0.8252694488614113,0,0,0,0,0
TTS_HO_leken,RB-den-goan-dkinder-ofpotten-wel-hom-wezen-mout,0.8894356196648424,0.8843155248005514,1,1,1,0,0
TTS_HO_leken,RB-lutje-siepeltjes-smoaken-lekker-op-petat-mit-mayonaize-en-ketchup-derbie,0.8885164230996956,0.8382563032112582,0,0,0,0,0
TTS_HO_leken,GD-wat-mos-ze-den-wensen,0.8881023748721394,0.8226297924661538,0,0,0,0,0
TTS_HO_leken,GD-mit-steert-tussen-de-pootjes-luip-hai-den-mor-weer-vot-en-jankde-zachies-veur-zok-uut,0.8880847701136503,0.8523663268829268,0,0,0,0,0
TTS_HO_leken,GD-gelokkeg-scheen-de-moane-mit-volle-wangen,0.8872283749872618,0.8371891823303771,0,0,0,0,0
TTS_HO_leken,OV-d-in-mout-we-doar-votdoadelk-mit-aan-gang,0.8872095659151011,0.8218274592612702,0,0,0,0,0
TTS_HO_leken,RB-de-lutje-muskes-konden-der-niet-over-uut,0.8870445008035878,0.8511655239553807,0,0,0,0,0
TTS_HO_leken,RB-de-beide-muskes-warren-toch-zo-bliede-dat-ze-al-kwetterend-n-poar-rondjes-boven-t-schoelplein-vlogen,0.8860851454846036,0.846660672400373,0,0,0,0,0
TTS_HO_leken,HS-wat-is-n-toen-zunder-noakende-wiefkes,0.8859854907153012,0.8712733344125175,0,0,0,0,0
TTS_HO_leken,HS-ze-leken-nait-kwoad,0.8855974937385959,0.8782492075230808,0,0,0,0,0
TTS_HO_leken,OV-zee-hebt-ons-bevriejd-en-dat-viere-wiej,0.8849500796202324,0.8108555074692485,0,0,0,0,0
TTS_HO_leken,GD-hai-leek-wel-n-kloune-braaigoaren-zo-zachte-en-zo-rond,0.8848294098321386,0.8784905880205595,0,0,0,0,0
TTS_HO_leken,GD-opa-lagde-nait,0.8837225100224664,0.8408483031163939,0,0,0,0,0
TTS_HO_leken,GD-net-of-der-n-lampie-in-brandde,0.8826556978006106,0.7974178262381884,0,0,0,0,0
TTS_HO_leken,GD-t-hondje-ging-der-op-zien-ruggie-in-liggen-en-draaide-zok-om-en-om,0.8817170016891742,0.8449342018173528,0,0,0,0,0
TTS_HO_leken,HS-ze-deden-niks-aans-as-sloapen,0.8811531854630229,0.8718934256575593,0,0,0,0,0
TTS_HO_leken,RB-goenent-warren-bij-de-iengang-van-t-schoelplein-met-n-ereboog-aan-t-moaken,0.8809579054475184,0.8227509524741019,0,0,0,0,0
TTS_HO_leken,RB-wat-deden-die-mannen-doar-wel,0.8797011109868441,0.8264343968746294,0,0,0,0,0
TTS_HO_leken,HS-hou-mos-zai-derin-komen,0.8791970720249415,0.8362265465831934,0,0,0,0,0
TTS_HO_leken,GD-in-zeuvenhuzen-was-ais-n-routswaart-hondje-dij-nooit-mit-aander-hondjes-mitdoun-mog-as-ze-aan-t-speulen-waren,0.8790849435408794,0.8496915683420969,0,0,0,0,0
TTS_HO_leken,HS-dij-klonk-hol,0.8785784294838436,0.8410055326441305,0,0,0,0,0
TTS_HO_leken,GD-moust-mor-kieken,0.8784628019426474,0.8072780815704768,0,0,0,0,0
TTS_HO_leken,GD-de-keunk-hong-hom-om-wiert-zien-nekke,0.8782358949382283,0.8411001026215694,0,0,0,0,0
TTS_HO_leken,HS-op-n-dag-dou-ale-aandere-bloumbollen-rusteg-lagen-te-sloapen,0.8782122276509012,0.8865071013715605,0,0,0,0,0
TTS_HO_leken,HS-al-was-grond-wel-lekker-zaacht,0.8782072975363621,0.8284139331498278,0,0,0,0,0
TTS_HO_leken,GD-en-hai-snurkde-n-beetje,0.877838800160172,0.8898703104366747,0,0,0,0,0
TTS_HO_leken,GD-en-midden-in-dij-kertonnen-deuze-lag-n-lutje-hondje,0.8778256189421422,0.864619923978938,0,0,0,0,0
TTS_HO_leken,OV-n-beetje-verschillend,0.8775440022027264,0.862166734878346,0,0,0,0,0
TTS_HO_leken,RB-mensen-wezen-mets-es-noar-de-mooie-doevetil,0.8774481434994219,0.9014036476157897,0,0,0,0,0
TTS_HO_leken,OV-en-dus-mouken-ze-nog-meer-popkes,0.8774045752706797,0.8459487048687135,0,0,0,0,0
TTS_HO_leken,RB-dij-gruine-bloadjes-luzzen-ons-knientjes-ook-groag,0.8771635376402711,0.8238869570014232,0,0,0,0,0
TTS_HO_leken,RB-as-moeke-aan-t-siepels-snieden-is-den-het-ze-troanen-in-dogen,0.8769266011260177,0.8236583442846297,0,0,0,0,0
TTS_HO_leken,RB-hiel-veurzichteg-keken-de-beide-muskes-noar-beneden,0.8768500714890943,0.8796433393842328,0,0,0,0,0
TTS_HO_leken,HS-pak-ons-mor-bie-haand,0.8762923562083473,0.7830089925751403,0,0,0,0,0
TTS_HO_leken,HS-ales-beter-as-hier-mor-wat-in-t-duuster-te-liggen-nait,0.8762253116255657,0.865322918769535,0,0,0,0,0
TTS_HO_leken,HS-och-t-zol-wel-n-kestaanjetak-wezen-onnaaierde-ze,0.8751967470306854,0.8691274015540437,0,0,0,0,0
TTS_HO_leken,GD-mor-ik-mout-hom-eerst-nog-luustern-leren,0.8748012591541248,0.8750480861391216,0,0,0,0,0
TTS_HO_leken,GD-en-even-loater-was-t-net-of-ze-optild-wor,0.8742280892801773,0.8732299323055788,0,0,0,0,0
TTS_HO_leken,RB-van-de-schoel-noar-de-bomen-veur-t-schoelplein-hing-t-ien-n-ogenblikje-tied-vol-met-slingers-van-pepier,0.8738986662781119,0.8270403371443639,0,0,0,0,0
TTS_HO_leken,RB-mor-hai-maint-der-niks-van,0.8737582005586968,0.8287404299793013,0,0,0,0,0
TTS_HO_leken,RB-hai-schudt-mit-zien-kop,0.8736052643261586,0.7601296940178264,0,0,0,0,0
TTS_HO_leken,OV-loat-de-toart-ofkoelen-en-zet-hom-n-nacht-ien-de-koelkast,0.8728274345901256,0.8302111676571128,0,0,0,0,0
TTS_HO_leken,HS-wat-kon-ze-nou-toch-bedenken-om-te-doun-ze-verveelde-heur,0.8727877326043266,0.8617943714778876,0,0,0,0,0
TTS_HO_leken,RB-over-zien-wang-kropt-n-dikke-troan,0.8726006514320304,0.8434801821055288,0,0,0,0,0
TTS_HO_leken,RB-hai-pakt-dappels-uut-n-kist-dut-ze-in-n-puut-en-gaait-ze-wegen-op-n-weegschoal,0.8718124561688563,0.9079988828847946,0,0,0,0,0
TTS_HO_leken,HS-daip-onder-dekens-kroepen,0.8708682516764549,0.8693569474472893,0,0,0,0,0
TTS_HO_leken,GD-gelukkeg-haar-n-aander-hond-vanuut-de-veerte-ales-zain,0.8707780182722991,0.8155162408558824,0,0,0,0,0
TTS_HO_leken,HS-en-kregen-smoak-goud-te-pakken,0.8705961061609024,0.823883047642244,0,0,0,0,0
TTS_HO_leken,OV-en-ook-aapmoal-weer-n-beetje-verschillend,0.8699454011528975,0.8447643615229538,0,0,0,0,0
TTS_HO_leken,HS-mor-daandere-bloumbollen-raipen-dat-t-nog-veuls-te-kold-was,0.8695648491332115,0.8248958941106821,0,0,0,0,0
TTS_HO_leken,GD-tegelstroatje-wuir-hailendal-wit,0.8685870231329496,0.8864045452024598,0,0,0,0,0
TTS_HO_leken,RB-tegen-widde-kool-zeggen-wie-ook-wel-van-boeskool,0.8680277191480338,0.831363317095139,0,0,0,0,0
TTS_HO_leken,RB-hai-let-zok-valen-en-koppeltjedoekt-over-de-grond,0.8677863867475253,0.8170689415672197,0,0,0,0,0
TTS_HO_leken,GD-wat-n-prachtege-swieniegel-was-dat,0.8677542360009884,0.8018437672531292,0,0,0,0,0
TTS_HO_leken,GD-en-weg-was-de-grode-schouwburg-mit-mensen,0.8675333567457872,0.8352152130077779,0,0,0,0,0
TTS_HO_leken,HS-en-ze-woarschaauwden-heur-ook-nog,0.8675142971523515,0.8031822381629592,0,0,0,0,0
TTS_HO_leken,GD-woar-waren-heur-mooie-bloumen-mit-de-laange-linten,0.8674247396583903,0.8455525452234128,0,0,0,0,0
TTS_HO_leken,RB-k-bin-gek-op-fruit,0.8667211923463242,0.8218511075369223,0,0,0,0,0
TTS_HO_leken,HS-t-was-wel-dudelk,0.8666046216439902,0.7855668130307584,0,0,0,0,0
TTS_HO_leken,HS-ze-wollen-heur-kop-boven-grond-oetsteken-en-even-vrizze-lucht-happen,0.8659976140459817,0.8661698552301176,0,0,0,0,0
TTS_HO_leken,HS-nee-ze-mos-t-heur-wel-verbeeld-hebben,0.8655414284678216,0.8156665131273911,0,0,0,0,0
TTS_HO_leken,GD-ze-wazzen-even-stiekom-mit-heur-baaident-aan-t-smikkeln,0.8655342266736458,0.852474508419007,0,0,0,0,0
TTS_HO_leken,GD-snommedags-kwammen-opa-en-oma-op-veziede,0.8654146773221268,0.7874722159733835,0,0,0,0,0
TTS_HO_leken,GD-mor-wie-reken-op-die,0.8648761578635339,0.8455706811904058,0,0,0,0,0
TTS_HO_leken,HS-wat-zollen-widde-wieven-hier-nou-toch-te-zuiken-hebben-docht-els,0.8648453987636442,0.8216103721015142,0,0,0,0,0
TTS_HO_leken,HS-dij-heur-toch-overaal-mit-bemuiden-en-ales-beter-waiten-wollen,0.8641464850943381,0.8420646635015215,0,0,0,0,0
TTS_HO_leken,HS-ze-pakte-hom-vaast-en-trok-stain-noar-veuren,0.8632365672834291,0.8133334649370957,0,0,0,0,0
TTS_HO_leken,RB-ik-krieg-ook-honger,0.862085426958396,0.7519974741113765,0,0,0,0,0
TTS_HO_leken,HS-en-dou-kon-ze-der-ook-in,0.8619646268299399,0.7813616566263434,0,0,0,0,0
TTS_HO_leken,RB-tikkie-doun-we-zo-voak,0.8617897853465859,0.8012966364117489,0,0,0,0,0
TTS_HO_leken,RB-toen-ze-es-n-keer-over-t-dorp-vlogen-zaggen-ze-n-mooie-doevetil-op-t-schoelplein-stoan,0.8617539542853511,0.83357440702947,0,0,0,0,0
TTS_HO_leken,RB-as-hai-weer-stoan-gaait-let-hai-dkinder-zien-benaneschil-zain,0.8613885107592054,0.8383538207753259,0,0,0,0,0
TTS_HO_leken,HS-mor-daandere-bloumbollen-raipen-heur-tot-order,0.8611559561702111,0.8407589466207521,0,0,0,0,0
TTS_HO_leken,HS-en-k-kin-nog-laank-nait-sloapen,0.8607316225529276,0.8460682260224939,0,0,0,0,0
TTS_HO_leken,HS-as-t-echte-leventege-mensen-waren-kwamen-ze-wel-achter-ons-aan,0.8606759498635821,0.859165773441091,0,0,0,0,0
TTS_HO_leken,GD-t-leken-net-vogels,0.8606283962542634,0.87928146220358,0,0,0,0,0
TTS_HO_leken,OV-wie-goan-kieken-hou-ze-worden-binnen,0.8588830295001378,0.8097160756812943,0,0,0,0,0
TTS_HO_leken,HS-t-leek-hail-nait-op-n-wit-wief,0.858528786047158,0.8642809903609123,0,0,0,0,0
TTS_HO_leken,RB-de-ledders-werden-tegen-de-schoel-aan-zet-en-doar-moeken-de-mannen-de-slingers-en-vlagjes-aan-vaast,0.8584443506343097,0.8269465050855999,1,1,1,0,0
TTS_HO_leken,HS-oetklaiden-els-most-der-morn-weer-vroug-oet,0.8582236756469934,0.8442859188286024,0,0,0,0,0
TTS_HO_leken,RB-ze-lopen-de-weg-over-noar-n-leegstoand-huus-tou,0.8581457994733042,0.8746545126748645,0,0,0,0,0
TTS_HO_leken,HS-want-ze-haiten-ook-wel-snijklokjes,0.8579583576648422,0.8191041551169939,0,0,0,0,0
TTS_HO_leken,HS-mor-of-ze-nog-n-moal-weer-mitging,0.8570322481034803,0.8307469211289223,0,0,0,0,0
TTS_HO_leken,HS-alle-mooie-koamers,0.8568221192716186,0.7901509528388603,0,0,0,0,0
TTS_HO_leken,GD-midden-in-de-keuken-ston-n-kertonnen-deuze,0.8566897829975775,0.8381509050896522,0,0,0,0,0
TTS_HO_leken,RB-gelukkeg-is-ales-nog-goudkomen,0.8564053529714756,0.8339016355171388,0,0,0,0,0
TTS_HO_leken,GD-dou-gingen-de-mensen-weer-zitten,0.8561500772331999,0.7760944348268094,0,0,0,0,0
TTS_HO_leken,RB-n-doef-ken-je-niet-van-t-ene-stee-noar-t-aner-overplakken-die-moeten-der-zo-vanuut-t-ei-ien,0.8557963930139173,0.8481639807426727,0,0,0,0,0
TTS_HO_leken,HS-mit-prachteg-glaswaark-en-staingoud-laangs,0.8556267308444603,0.8409322120266521,0,0,0,0,0
TTS_HO_leken,GD-zien-boas-ston-hoog-op-n-ledder-t-huus-te-vaarven,0.8549150227188682,0.8306321769766147,0,0,0,0,0
TTS_HO_leken,OV-gaais-hom-ook-moaken,0.854595375570174,0.8059511693041079,0,0,0,0,0
TTS_HO_leken,RB-wel-n-asemmer-omschopt-dut-nait-meer-mit,0.8534041994023384,0.7862219507426808,0,0,0,0,0
TTS_HO_leken,OV-de-volgende-morgen-kins-nog-slagroom-op-toart-spuiten,0.8532255752241196,0.8345981544324109,0,0,0,0,0
TTS_HO_leken,HS-niks-te-zain-vanzulf,0.8530753386763292,0.8376841820332074,0,0,0,0,0
TTS_HO_leken,RB-allemoal-mooie-koamerkes,0.8529681754794367,0.7782403985650598,0,0,0,0,0
TTS_HO_leken,GD-t-leek-wel-of-ze-zo-uut-n-vertelster-stapt-was,0.8529106426299888,0.8921784191954298,0,0,0,0,0
TTS_HO_leken,GD-mor-hou-paulien-ook-keek-was-gain-moane-te-zain,0.8528717123042813,0.8660812159886883,0,0,0,0,0
TTS_HO_leken,HS-haren-ze-ook-niks-meer-te-schaften-mit-aal-dij-tulpen-en-krookjes,0.852840061182891,0.7877679165976588,0,0,0,0,0
TTS_HO_leken,GD-wat-prikt-dat-aan-mien-tonen,0.8527136013261422,0.7985627362784258,0,0,0,0,0
TTS_HO_leken,HS-en-kregen-nog-wat-sloapdraank-mit-veur-els,0.8524605208787379,0.825727475751883,0,0,0,0,0
TTS_HO_leken,HS-zo-ist-ook-oflopen,0.8524184834572535,0.8558038972239199,0,0,0,0,0
TTS_HO_leken,GD-mor-dat-zag-gelokkeg-gainaine,0.8523800626017868,0.8340920246367071,0,0,0,0,0
TTS_HO_leken,HS-din-daansen-wie-der-mit-nkander-tussendeur,0.8521378075622584,0.8118838084212251,0,0,0,0,0
TTS_HO_leken,GD-doar-mog-e-op-traktaaiern,0.8518893509744376,0.8183143669824503,0,0,0,0,0
TTS_HO_leken,HS-hinterdetwinter-in-t-blaikveld-stoan-nou-al-vroug-in-t-veujoar,0.8518564152875236,0.8202748225734636,0,0,0,0,0
TTS_HO_leken,HS-ze-haren-n-plan-opbedocht,0.8517029596929436,0.7946633329917886,0,0,0,0,0
TTS_HO_leken,RB-kiek-mor-ais-in-t-rond-kinder,0.8508349772733512,0.7764923927571602,0,0,0,0,0
TTS_HO_leken,HS-dat-wos-ze-nait-zeker,0.8507976456121519,0.8585146115841056,0,0,0,0,0
TTS_HO_leken,OV-lutje-jonkjes-en-wichtjes-van-klaai-dij-der-ongeveer-net-zo-oetzagen-as-zaizulf,0.8504119048603388,0.8188085461835152,0,0,0,0,0
TTS_HO_leken,HS-kloeten-waren-haard-en-boeten-wast-kold,0.8495096123218554,0.7978424276661037,0,0,0,0,0
TTS_HO_leken,GD-der-was-ais-n-jonkie-dat-geern-dreumen-wol-mor-nait-dreumen-kon,0.8492803246975913,0.83786127742917,0,0,0,0,0
TTS_HO_leken,HS-mor-ze-wollen-t-toch-ook-weer-nait-stiltjes-doun,0.8492729413851052,0.796009859148414,0,0,0,0,0
TTS_HO_leken,HS-hufst-nait-baang-veur-ons-te-wezen-hur-wie-doun-die-niks,0.8488948438765513,0.8632910207846051,0,0,0,0,0
TTS_HO_leken,RB-hielemoal-van-neis-vaarfd-rooie-ziekanten-met-n-gruun-dakje,0.8487666453670681,0.8037439705836139,0,0,0,0,0
TTS_HO_leken,GD-binnen-twij-tellen-lag-e-zulf-ook-in-zien-waarme-nussie,0.8487565711373104,0.8337694742289035,0,0,0,0,0
TTS_HO_leken,RB-hai-vaalt-achterover-op-dgrond,0.8477531940684266,0.788791447860811,0,0,0,0,0
TTS_HO_leken,HS-bie-hoes-brochten-ze-t-wichtje-noar-t-sloapkoamerroam,0.8476164408948526,0.8278549394590663,0,0,0,0,0
TTS_HO_leken,RB-ze-hadden-n-grode-deus-op-t-schoelplein-stoan-en-hielden-doar-slingers-en-vlagjes-uut,0.8475387130500376,0.8329901918634652,0,0,0,0,0
TTS_HO_leken,RB-nou-warren-ze-der-vlak-bij-en-konden-alles-van-hiel-dichtbij-bekieken,0.8466788914992401,0.7740338010475094,0,0,0,0,0
TTS_HO_leken,HS-hail-wies-noakende-wiefkes-te-bluien,0.8466288837726432,0.836874857891214,0,0,0,0,0
TTS_HO_leken,GD-paulien-kreeg-n-dikke-bos-bloumen-mit-laange-blaauwe-linten-der-aan,0.8462838182943598,0.8544535170627262,0,0,0,0,0
TTS_HO_leken,GD-n-haile-gehaimzinnege-hudde-hur,0.8458945262802473,0.8095979923329247,0,0,0,0,0
TTS_HO_leken,RB-ze-atten-heur-eerst-es-lekker-zat-en-gingen-toen-mooi-n-beetje-uutrusten,0.8453910483578388,0.8275023654074835,0,0,0,0,0
TTS_HO_leken,RB-t-was-ja-krekt-n-sprookje,0.8452191809715378,0.8255606105359687,0,0,0,0,0
TTS_HO_leken,GD-nou-ston-dat-lutje-hondje-in-de-keuken,0.8452181263303548,0.8637968413569438,0,0,0,0,0
TTS_HO_leken,RB-de-gruinteboer-staait-mit-n-blaauw-schoet-veur-achter-de-teunbaank,0.8450532373690477,0.8374071331340723,1,1,1,0,0
TTS_HO_leken,RB-as-der-mor-wat-veur-heur-te-vreten-was,0.8450341580399967,0.8324380695497489,0,0,0,0,0
TTS_HO_leken,HS-en-dikke-tulpenbollen-dij-hail-groot-en-staark-waren-zeden-t-zulfde,0.8448324742620008,0.8185229277666858,0,0,0,0,0
TTS_HO_leken,GD-mor-de-stroalen-schitterden-zo-dat-t-haile-koamertje-der-licht-van-wor,0.8446870394562978,0.799199143931093,0,0,0,0,0
TTS_HO_leken,HS-hufst-nait-baang-wezen,0.8443434260530622,0.8750422258202931,0,0,0,0,0
TTS_HO_leken,RB-t-kon-wel-feest-weden,0.8438328572555363,0.8505565426876441,0,0,0,0,0
TTS_HO_leken,HS-dat-leek-heur-zulf-t-beste-tou,0.8435112387650558,0.8762214076681563,0,0,0,0,0
TTS_HO_leken,HS-ze-dee-t-roam-op-n-kier-en-kroop-noar-boeten,0.843509941795924,0.8462531974835765,0,0,0,0,0
TTS_HO_leken,RB-de-drinkbakjes-warren-krekt-bijvuld-zo-t-leek,0.8434881458573158,0.8813046012805138,0,0,0,0,0
TTS_HO_leken,GD-en-doar-zatten-ze-van-smorgens-vroug-tot-soavends-loat-in,0.8434664543651645,0.808485574616527,0,0,0,0,0
TTS_HO_leken,HS-widde-wieven-gingen-in-n-krinkje-stoan-en-vongen-heur-op,0.8425448946516121,0.8074761536198344,0,0,0,0,0
TTS_HO_leken,RB-dan-warren-ze-hier-n-schofke-om-e-deur-en-dan-weer-op-n-hiel-aner-stee,0.842353217155037,0.7909627771400758,0,0,0,0,0
TTS_HO_leken,HS-en-doar-ston-els-zomor-in-dikke-dook-op-stroat,0.8421731818296038,0.8160639910461494,0,0,0,0,0
TTS_HO_leken,HS-dij-hier-nait-veur-eerste-keer-kwamen,0.8413120611925687,0.8213874449113915,0,0,0,0,0
TTS_HO_leken,RB-k-wait-zeker-dat-gainain-mie-vinden-kin,0.8404242785002016,0.8279156562061686,0,0,0,0,0
TTS_HO_leken,OV-as-de-winter-begon-was-t-op-zien-slimst,0.8403711149135464,0.8285384519384348,0,0,0,0,0
TTS_HO_leken,RB-geert-geft-zien-braifie-aan-gruinteboer-appel,0.8401511720573402,0.8449658068789162,0,1,1,0,0
TTS_HO_leken,RB-de-kinder-kieken-mekoar-aan,0.8400027263155487,0.7933410927624251,0,0,0,0,0
TTS_HO_leken,HS-dat-ze-hier-in-borg-waren,0.8390693859807181,0.8089243367791399,0,0,0,0,0
TTS_HO_leken,RB-nou-hewwe-veur-t-feest-de-doevetil-zo-mooi-opvaarfd-en-nou-is-der-gien-doef-te-zien,0.8389593610026734,0.8437328530634408,0,0,0,0,0
TTS_HO_leken,GD-soavends-dou-paulien-op-berre-mos-luit-ze-hom-aan-moe-zain,0.8386251084956081,0.8505769064076841,0,0,0,0,0
TTS_HO_leken,HS-en-wos-persies-wat-der-gebeurd-was,0.8383853068755481,0.7921949134887726,0,0,0,0,0
TTS_HO_leken,GD-wiert-dronk-zien-bekertje-in-ainmoal-leeg,0.8380861904656256,0.8564742582580248,0,0,0,0,0
TTS_HO_leken,GD-en-de-prachtege-klanken-vulden-de-haile-zoal,0.8380493152556364,0.7915375747823399,0,0,0,0,0
TTS_HO_leken,HS-ze-haren-zo-onnaaierd-dat-ze-wel-bie-hom-op-rug-mitvoaren-konden,0.8378893315450484,0.8092399752975181,0,0,0,0,0
TTS_HO_leken,HS-stil-ofwachten,0.8375890338454784,0.8156821660297865,0,0,0,0,0
TTS_HO_leken,GD-paulien-legde-staine-op-t-nachtkassie-noast-heur-berre,0.8370182417367821,0.8350150327633911,0,0,0,0,0
TTS_HO_leken,RB-hiel-veurzichteg-gingen-ze-der-ien-en-keken-heur-de-oogjes-uut,0.8369663569127842,0.8115437051546759,0,0,0,0,0
TTS_HO_leken,HS-kroop-ze-tot-ber-oet-en-ging-veur-t-roam-van-t-akkenailtje-stoan,0.8367192875651526,0.8256788480789021,0,0,0,0,0
TTS_HO_leken,HS-dat-vertellen-wie-die-loater-wel,0.8366886784698686,0.8450731868486093,0,0,0,0,0
TTS_HO_leken,HS-bie-borg-zat-ales-op-slot,0.8362798450731185,0.8097195968762069,0,0,0,0,0
TTS_HO_leken,GD-allainde-n-beetje-klaainer-en-platter,0.8362622002313215,0.8631214482308273,0,0,0,0,0
TTS_HO_leken,HS-t-is-net-of-ze-mie-aankieken,0.8361504875982816,0.8063906847787226,0,0,0,0,0
TTS_HO_leken,OV-perbaaier-de-bodem-zo-goud-meugelk-te-bedekken,0.8359141296114659,0.8431949655134211,0,0,0,0,0
TTS_HO_leken,GD-inains-lag-ze-weer-op-berre-en-dou-ze-heur-ogen-open-dee-was-t-nog-routduuster,0.8357767935373747,0.8593587102948076,0,0,0,0,0
TTS_HO_leken,OV-dizze-keer-zel-ik-ze-veul-langer-bakken-din-kieken-we-wat-der-gebeurt,0.835768348042816,0.8311299132431502,0,0,0,0,0
TTS_HO_leken,HS-t-was-beter-dat-ze-doar-nait-maank-gingen,0.8352053198877193,0.8599888962137087,0,0,0,0,0
TTS_HO_leken,GD-t-leek-wel-of-e-haildal-licht-wor,0.8350904547473279,0.8602038955480814,0,0,0,0,0
TTS_HO_leken,GD-achteraan-in-dtoene-ston-n-hege,0.834833048726342,0.8487593806686665,0,0,0,0,0
TTS_HO_leken,OV-mor-op-t-lest-vond-ze-dat-t-nou-lang-genog-duurd-haar,0.8345018544699672,0.8378285085476042,0,0,0,0,0
TTS_HO_leken,GD-mit-zien-staarke-tanden-trok-hai-t-jonkje-aan-de-kleren-uut-t-wotter,0.8342546672214338,0.8530841542223611,0,0,0,0,0
TTS_HO_leken,HS-wie-goan-votdoadelk-noar-kelder,0.8339639623611798,0.7851680120411467,0,0,0,0,0
TTS_HO_leken,RB-benaneschil-mout-je-nait-op-dstroat-gooien-hur,0.8327239992155777,0.8073719642538836,0,0,0,0,0
TTS_HO_leken,HS-mor-der-was-gain-wind,0.8326432103942635,0.877821531719673,0,0,0,0,0
TTS_HO_leken,RB-den-geft-hai-de-puut-mit-appels-aan-froukje,0.8324517368651712,0.8203832383911881,0,0,0,0,0
TTS_HO_leken,HS-t-zol-din-mor-n-koale-boudel-worden,0.8320469681439824,0.7834192809238489,0,0,0,0,0
TTS_HO_leken,GD-ze-haren-van-wat-stroekerij-en-n-poar-ol-dekens-n-hudde-baauwd,0.8319807200167422,0.8550368260890071,0,0,0,0,0
TTS_HO_leken,OV-elk-popke-kwam-tot-leven,0.8316652717069938,0.8802793489233763,0,1,1,0,0
TTS_HO_leken,GD-haalverwege-de-nacht-zag-ze-inains-dat-moane-deur-heur-roam-keek,0.8315935480020967,0.8470724068164577,0,0,0,0,0
TTS_HO_leken,RB-de-winkeldeur-staait-open,0.8315446204398478,0.7916381363240302,0,0,0,0,0
TTS_HO_leken,RB-k-heb-net-n-lekker-appeltje-opeten,0.8309285742481285,0.8378147447877091,0,0,0,0,0
TTS_HO_leken,GD-ze-keek-ais-bie-zok-laangs,0.8304494877919346,0.822145158588261,0,0,0,0,0
TTS_HO_leken,HS-dou-zag-ze-n-vraauwsgezicht-oet-dook-teveurschien-komen,0.8304093850886362,0.791876330548338,0,0,0,0,0
TTS_HO_leken,HS-of-en-tou-woarschaauwde-traain-deur-bie-spoorovergaang-te-toetern,0.8303489785880317,0.8289970461346498,0,0,0,0,0
TTS_HO_leken,OV-ik-heb-n-plan-n-hail-schier-plan,0.8302011317638944,0.7982751844630321,0,0,0,0,0
TTS_HO_leken,RB-de-beide-muskes-werden-zo-neisgiereg-dat-ze-zomor-van-t-bredje-of-vlogen-en-aan-de-overkaant-van-t-schoelplein-op-de-geut-van-n-boerderij-zitten-gingen,0.8301888936693321,0.8241652002877472,0,0,0,0,0
TTS_HO_leken,GD-gain-moane-meer-te-zain,0.8300550490181138,0.8105004361998596,0,0,0,0,0
TTS_HO_leken,HS-zai-vertelde-t-deur-aan-heur-vrundjes-en-dou-waren-ze-nait-meer-te-holden,0.8300092655609491,0.8097789376705095,0,0,0,0,0
TTS_HO_leken,HS-in-t-veujoar-komt-der-aaltied-van-ales-noar-boven,0.8298913939640367,0.7821510593399386,0,0,0,0,0
TTS_HO_leken,GD-eerst-hail-zachies-bewogen-heur-handen-over-de-toetsen,0.8297670987150183,0.8165214786968177,0,0,0,0,0
TTS_HO_leken,GD-ze-druigen-golden-schoaltjes-mit-keze-en-siepeltjes-versierd-mit-vlaggies,0.8296496523095375,0.8285715825160391,0,0,0,0,0
TTS_HO_leken,OV-ienainen-kreeg-ze-n-idee,0.8296438854178924,0.8482014493521013,0,0,0,0,0
TTS_HO_leken,GD-nou-den-zel-t-wel-zo-wezen,0.8294824677433925,0.838368697139316,0,0,0,0,0
TTS_HO_leken,GD-en-hai-gaf-hom-nog-n-stiever-stotje,0.8288815517827786,0.795206487459725,0,0,0,0,0
TTS_HO_leken,HS-din-beleefst-teminnent-wat,0.8286317587513798,0.8500133138897606,0,0,0,0,0
TTS_HO_leken,HS-k-verveel-mie,0.8285129784360553,0.8075269733867341,0,0,0,0,0
TTS_HO_leken,HS-dou-inains-heurde-ze-wat-tegen-t-roam-aan-tikken,0.8282380272559798,0.8207653357875208,0,0,0,0,0
TTS_HO_leken,RB-t-was-krekt-of-t-hielemoal-veur-heur-beident-moakt-was,0.8282134918257025,0.8201597975009429,0,0,0,0,0
TTS_HO_leken,GD-dou-aal-vlugger-en-vlugger,0.8280771963353636,0.8241277469967021,0,0,0,0,0
TTS_HO_leken,HS-hai-prout-mit-n-swoare-stem-en-bromde,0.8277006054463316,0.790636497925821,0,0,0,0,0
TTS_HO_leken,OV-dizze-keer-waren-summegen-prachteg-gitzwaart-worden,0.8276170797674285,0.8118767130485464,0,0,0,0,0
TTS_HO_leken,HS-en-dou-mouken-ze-n-grode-bocht-noar-links,0.8275534158431843,0.8445856377422997,0,0,0,0,0
TTS_HO_leken,GD-stil-zaten-de-mensen-te-luustern,0.8275374005682629,0.8408448766494235,0,0,0,0,0
TTS_HO_leken,RB-allemoal-kleuren-deur-mekoar-hen,0.8274508905747037,0.827911171133653,0,0,0,0,0
TTS_HO_leken,RB-goud-roaden-wichtje,0.8271315127171575,0.7839784973456724,0,0,0,0,0
TTS_HO_leken,HS-els-stopte-gaauw-heur-drankje-onder-in-t-naachtkastje,0.8266205816683199,0.8038280013476092,0,0,0,0,0
TTS_HO_leken,RB-wie-springen-en-doun-of-we-op-peerd-zitten,0.8264723509974339,0.8202512815167969,0,0,0,0,0
TTS_HO_leken,GD-en-je-mozzen-wel-zingen-of-je-wollen-of-nait,0.8262974463607166,0.7972873901568392,0,0,0,0,0
TTS_HO_leken,GD-inains-docht-ze-aan-heur-pioanoles-dij-ze-vanmiddag-haildal-verbruddeld-haar,0.8258656952581114,0.8260111943758067,0,0,0,0,0
TTS_HO_leken,GD-hier-zit-ter-aine,0.8253706104121831,0.7988117822468057,0,0,0,0,0
TTS_HO_leken,RB-n-allerliefst-mooi-huuske-veur-heur-beident,0.825114612763609,0.7965826670939187,0,0,0,0,0
TTS_HO_leken,HS-want-ze-konden-toch-nog-nait-in-toen-wezen,0.8250850478928135,0.8517379367934534,0,0,0,0,0
TTS_HO_leken,OV-ze-stoarde-noar-t-wotter-van-t-slootje-woar-ze-vlakbie-zat-en-puulde-mit-heur-handen-wat-rond-ien-de-natte-klaai,0.8248814752681088,0.8124351558852547,0,0,0,0,0
TTS_HO_leken,OV-t-was-n-populair-gebak-en-hai-wordt-nog-aal-moakt,0.8245958388945954,0.8562890089861726,0,0,0,0,0
TTS_HO_leken,RB-ze-wissen-ja-niet-haalf-wat-die-mannen-van-plan-warren,0.8245258323113037,0.7846806898196871,0,0,0,0,0
TTS_HO_leken,OV-omdat-ze-nou-n-groot-gezin-hadden-mit-hail-veul-kiender-om-veur-te-zorgen,0.8242429870066822,0.7854698684735917,0,0,0,0,0
TTS_HO_leken,GD-paulien-en-alfred-haren-de-haile-dag-speuld-in-de-dreuge-sloot-dij-tussen-baaide-huzen-lag,0.8241891536164007,0.860934717719001,0,0,0,0,0
TTS_HO_leken,GD-doalek-het-dij-hond-ale-honden-in-de-buurt-verteld-hou-flink-t-swaarde-hondje-is,0.8236617108409605,0.8260531298713509,0,0,0,0,0
TTS_HO_leken,GD-ze-keek-ais-bie-zok-laangs-en-ze-haar-weer-heur-korde-nachtponne-aan,0.8229145252088256,0.8035565432153965,0,0,0,0,0
TTS_HO_leken,RB-hai-hoalt-zien-snoepies-te-veurschien,0.8228185500280594,0.787652776454641,0,0,0,0,0
TTS_HO_leken,GD-zulfs-zien-koppie-muik-hai-hailmoal-wit,0.8224359191786819,0.7826403486945099,0,0,0,0,0
TTS_HO_leken,GD-van-wel-hest-dij-kregen,0.8223880050953104,0.8418742551145364,0,0,0,0,0
TTS_HO_leken,HS-woarom-zollen-zai-din-nog-laanger-onderdak-blieven,0.8222350046281203,0.842780216369909,0,0,0,0,0
TTS_HO_leken,HS-dij-ging-as-eerste-weer-op-pad,0.8221608057083171,0.8347800483719472,0,0,0,0,0
TTS_HO_leken,GD-hailmoal-in-n-knoedeltje-op-n-dikke-waarme-scheuveltruie,0.8218462659577328,0.7973155152099798,0,0,0,0,0
TTS_HO_leken,OV-aal-dizze-kiender-kregen-loater-ook-weer-kiender-en-dij-kiender-ook-weer,0.8216603056553667,0.8413696296870334,0,0,0,0,0
TTS_HO_leken,HS-pas-as-vorst-tot-grond-oet-was-din-was-winter-over,0.8215386100900524,0.786018350311214,0,0,0,0,0
TTS_HO_leken,GD-of-n-swaart-schoap-zuiken-tussen-n-haile-bulde-witten,0.8215173130929814,0.825774581598341,0,0,0,0,0
TTS_HO_leken,RB-anerdoagsoavends-kwammen-der-n-poar-mannen-met-ledders-t-schoelplein-opzetten,0.8215095663203251,0.8636407122672883,0,0,0,0,0
TTS_HO_leken,HS-t-was-heur-zulfs-nog-te-vris,0.8214671559741408,0.8133592573312227,0,0,0,0,0
TTS_HO_leken,GD-en-nou-haar-paulien-van-alfred-toch-zon-mooie-staine-kregen,0.8213121084264003,0.8383571347331823,0,0,0,0,0
TTS_HO_leken,HS-en-hilden-ale-bloumbollen-heur-wintersloap,0.821139804601228,0.8246177311269687,0,0,0,0,0
TTS_HO_leken,HS-en-zorgde-veur-aalmoal-bultjes-in-t-blaikveld-achter-t-hoes,0.8206188743588796,0.8024253256083732,0,0,0,0,0
TTS_HO_leken,OV-dizze-keer-nait-laang-of-kort-mor-der-tussenien,0.8203878400323935,0.8518874382799236,0,0,0,0,0
TTS_HO_leken,OV-loat-dit-drij-minuten-koken,0.8202834935953323,0.837926393196447,0,0,0,0,0
TTS_HO_leken,RB-ze-trekken-kroezen-boven-dogen,0.8202801570420309,0.8096261726238928,0,0,0,0,0
TTS_HO_leken,HS-din-was-t-onder-grond-nog-veul-duusterder-as-aans,0.8202566775487191,0.7741165744204451,0,0,0,0,0
TTS_HO_leken,RB-deur-de-hoast-gleden-ze-nog-n-hiel-ende-deur-over-de-gladde-vaarf-van-de-uutstekende-bredjes,0.8201586219486048,0.84516046462101,0,0,0,0,0
TTS_HO_leken,GD-nou-mag-hai-aaltied-mit-heur-mitspeulen-en-dat-vindt-t-routswaarde-hondje-nog-t-mooiste-van-t-haile-verhoal,0.8201159275656387,0.7982123272711887,0,0,0,0,0
TTS_HO_leken,RB-hai-vertelt-dat-e-praai-verkocht-andievie-spinoazie-witlof-woddeltjes-boontjes-en-nog-veul-meer-gruinten,0.8200068573344168,0.8048747962255783,0,0,0,0,0
TTS_HO_leken,OV-en-zo-is-t-kommen-dat-der-zoveul-verschillende-kiender-op-de-wereld-kommen-binnen,0.81979538570476,0.8195431376187425,0,0,0,0,0
TTS_HO_leken,RB-ien-die-tied-ging-der-gien-een-doef-ien-en-der-kwam-ok-gien-een-uut,0.8192011806156174,0.8228105206417148,0,0,0,0,0
TTS_HO_leken,HS-dou-zover-graacht-hin-zoefde,0.8177828614267083,0.8013629941751552,0,0,0,0,0
TTS_HO_leken,GD-ze-stak-heur-haand-uut-en-vuilde-of-ze-de-toverstaine-vinden-kon,0.8177370052003142,0.7820937161943636,0,0,0,0,0
TTS_HO_leken,GD-alemoal-in-haile-mooie-klaaier,0.8176569984162376,0.7976947225957186,0,0,0,0,0
TTS_HO_leken,HS-wie-pazen-goud-op-die,0.8175594636139619,0.78788812023977,0,0,0,0,0
TTS_HO_leken,RB-dkinder-op-school-ploagen-hom-doarmit,0.8173876431221011,0.8192916370888709,0,0,0,0,0
TTS_HO_leken,HS-en-pebaaierde-jonker-aan-te-hoalen,0.8169246275192313,0.8029082664362037,0,0,0,0,0
TTS_HO_leken,GD-zachies-schoof-t-grode-pluzen-gedien-dicht,0.8165269672868714,0.8280951989894344,0,0,0,0,0
TTS_HO_leken,OV-zai-vuilde-heur-din-zo-allinneg,0.8164362724967866,0.8611114993484065,0,0,0,0,0
TTS_HO_leken,GD-wiert-ging-mit-klaaine-stappies-noar-de-keunk-tou,0.8162896025548901,0.801167176572212,0,0,0,0,0
TTS_HO_leken,HS-dat-liekt-ja-haildaal-nait,0.8162609098390187,0.8132942730973743,0,0,0,0,0
TTS_HO_leken,HS-ze-namen-mit-n-dikke-smok-ofschaaid-van-jonker,0.8162540634048274,0.7937990586146499,0,0,0,0,0
TTS_HO_leken,HS-aandere-winters-vil-der-snij,0.8162113454225385,0.7658288565384717,0,0,0,0,0
TTS_HO_leken,GD-dou-mie-aine,0.8159316485326773,0.7897686538884074,0,0,0,0,0
TTS_HO_leken,HS-en-t-zat-ook-nog-potdicht-van-de-mist,0.8159271981532553,0.7682456489025671,0,0,0,0,0
TTS_HO_leken,OV-hou-mos-ze-dat-toch-veraandern,0.8151950051234012,0.7750799498939392,0,0,0,0,0
TTS_HO_leken,HS-dat-ze-ook-wel-noar-boeten-konden,0.81499686054051,0.758112100803631,0,0,0,0,0
TTS_HO_leken,GD-hai-woont-op-n-hail-schier-stee-onder-dhege,0.8149919044396512,0.8473605020219516,0,0,0,0,0
TTS_HO_leken,GD-paulien-keek-ter-noar,0.8147049125071368,0.793794958835802,0,0,0,0,0
TTS_HO_leken,OV-toun-stoapelden-ze-holt-rondom-de-popkes-en-staken-dat-ien-brand,0.8146620513461655,0.7995079371405828,0,0,0,0,0
TTS_HO_leken,RB-ze-mossen-alles-goed-zien-kennen,0.8144580586646091,0.7468599415716715,0,0,0,0,0
TTS_HO_leken,HS-wat-zol-ze-doun,0.8143217940246074,0.7510833126274425,0,0,0,0,0
TTS_HO_leken,GD-doar-paasde-zai-ins-nait-tussen-met-heur-korde-nachtponne-aan,0.8134899592692408,0.7879976125168459,1,1,1,0,0
TTS_HO_leken,GD-dien-tromme-nait-vergeten,0.8132147311887229,0.847771192171472,0,0,0,0,0
TTS_HO_leken,OV-nou-zellen-ze-wel-kloar-wezen,0.8131249095002901,0.8386727021125133,0,0,0,0,0
TTS_HO_leken,HS-nee-der-overkomt-die-niks,0.8129723107275229,0.8483023571881633,0,0,0,0,0
TTS_HO_leken,RB-want-den-glieden-dmensen-derover-uut,0.8129579734098076,0.7971718754130386,0,0,0,0,0
TTS_HO_leken,HS-doar-ston-t-wichtje-allain-in-t-duuster,0.8129053149481887,0.8425778104424801,0,0,0,0,0
TTS_HO_leken,HS-heurde-ze-wat-gezang,0.8126808915473039,0.785923313879501,0,0,0,0,0
TTS_HO_leken,OV-mos-wel-goud-ruiern-blieven,0.8124945469089051,0.8441992936122459,0,0,0,0,0
TTS_HO_leken,HS-haar-ze-dat-wel-goud-heurd,0.8122910818018497,0.7549874251305821,0,0,0,0,0
TTS_HO_leken,HS-van-smorns-vroug-tot-soavends-loat,0.8116826363871051,0.8115390510215188,0,0,0,0,0
TTS_HO_leken,GD-haar-ze-nou-dreumd,0.8116492396201648,0.8001840913381558,0,0,0,0,0
TTS_HO_leken,HS-doarnoa-konden-ze-heur-zulf-wel-wieder-redden,0.811540900938604,0.8201151333975498,0,0,0,0,0
TTS_HO_leken,RB-benaneschil-verrot-fruit-en-zo-gooi-je-mainsttied-in-n-olde-kertonnen-deus,0.8109953829235934,0.806190195865768,0,0,0,0,0
TTS_HO_leken,HS-toch-was-der-onder-grond-al-wel-wat-loos,0.8102369797618794,0.8172220541833415,0,0,0,0,0
TTS_HO_leken,OV-toun-ze-dizze-popkes-deroet-huilen-waren-gonnent-goldachteg-geel-en-aandern-goldachteg-broen,0.8100051616165695,0.8166465260353225,0,0,0,0,0
TTS_HO_leken,RB-twee-lutje-muskes-zwonden-mor-wat-om,0.8099651798414496,0.7966728447439078,0,0,0,0,0
TTS_HO_leken,GD-heur-ol-pobbe-dij-aaltied-mit-op-berre-ging,0.8097751981958441,0.8120503612776754,0,0,0,0,0
TTS_HO_leken,HS-as-der-din-zon-lozze-bult-zaand-aarns-in-t-gras-lag,0.8090540166551454,0.8136035023728384,1,1,1,0,0
TTS_HO_leken,HS-dou-ze-toch-weer-in-heur-bedje-kroepen-wol,0.8088223904755812,0.7732174359424585,0,0,0,0,0
TTS_HO_leken,GD-of-was-de-widde-staine-n-echte-toverstaine,0.8084416611834119,0.8027627455574898,0,0,0,0,0
TTS_HO_leken,HS-vraauwen-mit-laange-widde-klaiden-aan,0.8079231299519105,0.8596193244356898,0,0,0,0,0
TTS_HO_leken,GD-ze-zag-der-schitternd-uut-in-heur-klaidje-van-spinnewebdroaden,0.807334170045485,0.8017584774827902,0,0,0,0,0
TTS_HO_leken,RB-ze-gingen-op-de-dakgeut-van-de-schoel-zitten,0.8073040044165365,0.7760024062253551,0,0,0,0,0
TTS_HO_leken,RB-op-dstroat-blieven-ze-stoan,0.8072808611040532,0.7816633518741777,0,0,0,0,0
TTS_HO_leken,GD-en-hai-gaf-hom-n-stotje-in-de-rogge,0.8071657172689177,0.7577731220831158,0,0,0,0,0
TTS_HO_leken,OV-vandage-is-t-bevriejdingsdag,0.8066412595309878,0.7796234413772738,0,0,0,0,0
TTS_HO_leken,HS-en-vil-in-n-daipe-sloap,0.8065726283069875,0.8268912174858377,0,0,0,0,0
TTS_HO_leken,GD-in-zien-kertonnen-deuze-noast-berre,0.8065115090858314,0.8081411395047274,0,0,0,0,0
TTS_HO_leken,GD-op-n-dag-haar-t-routswaarde-hondje-n-plan,0.8061658239575747,0.7972539544518056,0,0,0,0,0
TTS_HO_leken,HS-of-toch-mor-wieder-kieken,0.8055189657033979,0.7651797077211101,0,0,0,0,0
TTS_HO_leken,OV-ton-kwammen-der-een-paar-andere-landen-en-dee-hebt-dat-ondeugende-land-vot-ejag,0.8048671099433742,0.8111915573030147,0,0,0,0,0
TTS_HO_leken,RB-dat-binnen-rode-kolen-gruinteboer,0.8040533615872059,0.7892564718295163,0,0,0,0,0
TTS_HO_leken,HS-en-der-was-haildaal-niks-te-zain,0.8038676002096571,0.7732043631199322,0,0,0,0,0
TTS_HO_leken,OV-is-de-koning-weer-jeureg,0.803390442940779,0.7839921208380475,0,0,0,0,0
TTS_HO_leken,RB-den-stopt-hai-de-schil-weer-in-zien-buuts,0.8030158920829243,0.8029303336210513,0,0,0,0,0
TTS_HO_leken,RB-in-de-winkel-stoan-kisten-mit-gruinten-en-fruit-derin,0.8026795010326166,0.8153947247001438,0,0,0,0,0
TTS_HO_leken,GD-t-volk-in-de-zoal-ging-stoan-en-klapte-in-handen-en-der-kwam-gain-ende-aan,0.8026046797162428,0.812667692023589,0,0,0,0,0
TTS_HO_leken,HS-en-achterin-stonden-nog-wat-riegen-weckpotten-op-plaank,0.8024347476650413,0.8109118854252104,0,0,0,0,0
TTS_HO_leken,GD-ze-haar-n-prachtege-lichtblaauwe-laange-jurk-aan,0.802180688695127,0.8072776837425099,0,0,0,0,0
TTS_HO_leken,RB-hai-hoalt-der-geld-uut-en-geft-froukje-de-poddemonnee-weerom,0.8011085141641257,0.845257057547465,0,0,0,0,0
TTS_HO_leken,GD-n-wens-doun-zee-dat-vogeltje,0.8010066713159183,0.815297701732121,0,0,0,0,0
TTS_HO_leken,HS-ze-haren-grootste-lol,0.8009639181574906,0.7869621697218948,0,0,0,0,0
TTS_HO_leken,GD-loat-ais-zain,0.8006378157130408,0.8009498969389183,0,0,0,0,0
TTS_HO_leken,GD-ze-konden-goud-zain-want-ze-haren-aalmoal-n-brille-op,0.8005972976240494,0.7988135591176375,0,0,0,0,0
TTS_HO_leken,HS-en-hil-heur-stief-aan-klaiden-vaast,0.8003142656576985,0.8087636287782219,0,0,0,0,0
TTS_HO_leken,RB-t-wer-aal-mooier,0.8002946677435585,0.7622926180728147,0,0,0,0,0
TTS_HO_leken,OV-veuraal-as-de-doagen-kort-werden-ien-t-noajoar,0.8001606809183976,0.8315347167931249,0,0,0,0,0
TTS_HO_leken,RB-hai-vrift-over-zien-zere-rug,0.8001368581115392,0.8242825029692465,0,0,0,0,0
TTS_HO_leken,GD-ze-stapte-t-grode-teneel-op-en-ging-op-t-krukje-zitten-achter-n-grode-widde-vleugelpioano,0.7998630922578983,0.8507091498791889,0,0,0,0,0
TTS_HO_leken,HS-ach-tou-k-bin-nog-zo-mooi-aan-t-speulen-nog-eventjes,0.7996147988803932,0.8109317091667578,0,0,0,0,0
TTS_HO_leken,GD-aaltied-wuir-hai-ofblaft-omdat-e-zo-swaart-was,0.7995028664983685,0.7913535720114027,0,0,0,0,0
TTS_HO_leken,HS-els-keek-wel-wat-vremd-tegen-ales-aan,0.7993903144879531,0.7541648048250537,0,0,0,0,0
TTS_HO_leken,OV-der-waren-gonnent-donkerbroen-en-enkelen-waren-roodachteg-broen,0.7992524742511876,0.8102438792707211,0,0,0,0,0
TTS_HO_leken,RB-misschien-wollen-ze-heur-hier-wel-uut-joagen,0.7989516778228768,0.7635847453183469,0,0,0,0,0
TTS_HO_leken,OV-maor-wat-gef-dat,0.79821458203549,0.8031402056571988,0,0,0,0,0
TTS_HO_leken,OV-vuilden-ze-heur-noeit-meer-ainzoam-en-allinneg,0.7981038870583398,0.831715286644097,0,0,0,0,0
TTS_HO_leken,HS-om-op-hoes-aan-te-goan,0.7980492641740129,0.7642519046884053,0,0,0,0,0
TTS_HO_leken,RB-wel-wait-wat-beters,0.7972356886367411,0.8459550101163803,0,0,0,0,0
TTS_HO_leken,OV-hail-laank-leden-toun-der-nog-gain-minsen-op-de-wereld-waren,0.7971161681645914,0.87177815149768,0,0,0,0,0
TTS_HO_leken,HS-der-was-inbroken-in-borg,0.7968750127155636,0.7590825258681106,0,0,0,0,0
TTS_HO_leken,GD-hai-keek-heur-hail-wies-aan,0.7966423290675043,0.8044828851190894,0,0,0,0,0
TTS_HO_leken,RB-hai-dut-baaide-handen-veur-zien-ogen-en-telt-of,0.7964602945865603,0.7522623051632361,0,0,0,0,0
TTS_HO_leken,GD-mor-deur-t-wotter-was-aal-t-vaarve-derof-goan-en-nou-was-t-hondje-weer-net-zo-swaart-as-veurtied,0.7958789724398688,0.7992592504753805,0,0,0,0,0
TTS_HO_leken,GD-t-was-ook-ja-n-hail-biezundere-swieniegel,0.7958500649547827,0.8039813218204328,0,0,0,0,0
TTS_HO_leken,RB-of-zai-k-der-nait-gezond-uut-meschien,0.7952383556243651,0.7739429177057945,0,0,0,0,0
TTS_HO_leken,GD-ze-trok-gedienen-nait-dicht,0.7948030760323792,0.8322631309702775,0,0,0,0,0
TTS_HO_leken,RB-mor-naargens-zain-ze-hom,0.7946301792464239,0.7748944164016708,0,0,0,0,0
TTS_HO_leken,GD-en-t-doppie-van-n-colavlezze-druig-e-as-krountje,0.7944710382650269,0.8404650694450838,0,0,0,0,0
TTS_HO_leken,GD-hai-sluip-en-meer-niks,0.7942785479028908,0.8140122490068161,0,0,0,0,0
TTS_HO_leken,HS-doar-ging-t-hin,0.7941234383875112,0.8203083274434593,0,0,0,0,0
TTS_HO_leken,HS-mor-gain-spoor-van-n-doader-vanzulf,0.7936596564925349,0.8042983090355337,0,0,0,0,0
TTS_HO_leken,OV-nou-hebben-we-genog,0.7934392006230011,0.7696514154580113,0,0,0,0,0
TTS_HO_leken,GD-aan-de-kaande-stonden-de-pabbe-en-moeke-van-t-jonkje,0.7932947659027568,0.7750600473061614,0,0,0,0,0
TTS_HO_leken,GD-hai-sluip,0.7921326489840819,0.7973154697688517,0,0,0,0,0
TTS_HO_leken,OV-zee-snapt-t-neet-haildail,0.7919489403083144,0.808839822628242,0,0,0,0,0
TTS_HO_leken,RB-ze-begunnen-aalbaaident-te-giebeln,0.7915274460473076,0.7600808887835476,0,0,0,0,0
TTS_HO_leken,HS-t-rook-der-muf,0.7912971312131746,0.7562262668585658,0,0,0,0,0
TTS_HO_leken,RB-ze-vladderden-hiel-driest-op-de-til-of,0.7912586099389824,0.7894463084604461,0,0,0,0,0
TTS_HO_leken,GD-dou-hai-zo-wit-was-as-snij-runde-t-hondje-haard-weg,0.7909572814256259,0.8265076425316332,0,0,0,0,0
TTS_HO_leken,GD-en-wat-haar-ze-n-nuver-snoetje,0.7903440744192055,0.775643476276719,0,0,0,0,0
TTS_HO_leken,GD-t-wor-stil-in-de-zoal-en-paulien-begon-te-speulen,0.7902104499266955,0.8038715092147699,0,0,0,0,0
TTS_HO_leken,HS-tied-was-tied,0.7900403868295309,0.7642829997028935,0,0,0,0,0
TTS_HO_leken,GD-n-swaartwidde-swieniegel-mit-n-broen-neusie,0.7888568520117094,0.796518730843804,1,1,1,0,0
TTS_HO_leken,GD-uut-nijsgiereghaid-runde-t-hondje-noar-de-viever-in-t-paark,0.7884000979740075,0.7932460735750451,0,0,0,0,0
TTS_HO_leken,RB-de-gruinteboer-knipt-in-zien-rooie-wangen,0.7881745704582275,0.7838111659991247,0,0,0,0,0
TTS_HO_leken,GD-t-hondje-bedochde-zok-nait-en-sprong-de-viever-in,0.7877123000739777,0.7908590250001223,0,0,0,0,0
TTS_HO_leken,OV-kook-de-melk-ien-n-pannetje,0.7873059447654441,0.8094144469456745,0,0,0,0,0
TTS_HO_leken,RB-hai-woont-hailmoal-achteraan-in-dstroat,0.7861710313097254,0.7642296334094961,0,0,0,0,0
TTS_HO_leken,GD-woar-heur-laange-blode-bainen-onderuut-staken,0.7854202985254076,0.8248999301089261,0,0,0,0,0
TTS_HO_leken,HS-mor-dij-koale-bomen-stoan-doar-zo-roar,0.7852813989953842,0.7676833703568807,0,0,0,0,0
TTS_HO_leken,RB-al-wel-n-haalf-uur-hadden-ze-der-zeten,0.7841623718699327,0.8031719676718397,0,0,0,0,0
TTS_HO_leken,HS-aanderdoags-was-der-grode-rebulie-in-t-aans-zo-kaalme-dorp,0.7839294643333024,0.786821764965805,0,0,0,0,0
TTS_HO_leken,GD-verwonderd-heurde-paulien-dat-aan,0.7833289959099804,0.8024432216429824,0,0,0,0,0
TTS_HO_leken,GD-en-bie-dij-hege-ston-n-swieniegel,0.7826969915664662,0.8105555820559726,0,0,0,0,0
TTS_HO_leken,GD-dou-was-der-meziek-in-de-koele-onder-de-hege,0.7823415505268708,0.8293006579155632,0,0,0,0,0
TTS_HO_leken,GD-en-hai-was-hail-glad,0.7819162053178799,0.7602563865283442,0,0,0,0,0
TTS_HO_leken,GD-ik-wol-dat-ik-hail-mooi-pioanospeulen-kon,0.7815101894586685,0.7682225917163441,0,0,0,0,0
TTS_HO_leken,GD-hai-schoof-wat-noar-ondern-tou-en-visde-de-kopstubber-mit-zien-blode-vouten-noar-zok-tou,0.7804772489714586,0.7960651980502806,0,0,0,0,0
TTS_HO_leken,HS-en-zeg-nou-zulf,0.7797082997867939,0.7754398268453553,0,0,0,0,0
TTS_HO_leken,HS-els-mos-aaltied-vroug-op-ber,0.7795686811869561,0.8008684581579155,0,0,0,0,0
TTS_HO_leken,RB-of-je-baargen-de-schil-op-in-joen-buuts,0.7788305930805772,0.7459446206926147,0,0,0,0,0
TTS_HO_leken,HS-deur-aal-dij-gaangen-onder-grond,0.7772761253354128,0.7793999616528172,0,0,0,0,0
TTS_HO_leken,RB-zai-stopt-hom-in-heur-tas,0.7765940593034201,0.7454709773975724,0,0,0,0,0
TTS_HO_leken,RB-de-beide-muskes-kropen-hiel-benaauwd-vot-ien-de-doevetil-zodat-gien-een-heur-zien-kon,0.7761015678003779,0.8306796434364122,0,0,0,0,0
TTS_HO_leken,HS-en-was-bodem-haard-vroren,0.7758450339959052,0.7942894710504159,0,0,0,0,0
TTS_HO_leken,HS-begon-els-t-zulfs-schier-te-vinden,0.7757360994515953,0.7369675013378388,0,0,0,0,0
TTS_HO_leken,OV-ze-doofden-t-vuur-en-hoalden-de-klaaipopkes-deroet,0.7754977255171004,0.8108326072708079,0,0,0,0,0
TTS_HO_leken,GD-en-in-heur-handen-haar-ze-klongel,0.7745257046951592,0.7704962912129677,0,0,0,0,0
TTS_HO_leken,GD-paulien-woonde-aan-aaine-kaande-en-alfred-aan-daander-kaande,0.7744280192260915,0.7890107266633543,0,0,0,0,0
TTS_HO_leken,HS-ze-heurde-dat-schoef-van-deur-of-doan-wer,0.7742704995103915,0.8139584240231305,0,0,0,0,0
TTS_HO_leken,GD-gefeliciteerd-mit-dien-verjoardag,0.7732233969511866,0.8179002250955844,0,0,0,0,0
TTS_HO_leken,OV-ze-doofde-t-vuur-en-huil-de-popkes-deroet,0.7722233445473464,0.7943101418992443,0,0,0,0,0
TTS_HO_leken,HS-t-wer-eerst-weer-veur-n-tiedje-rusteg-onder-grond,0.7711867122595679,0.7705337739797669,0,0,0,0,0
TTS_HO_leken,RB-kinder-stoan-op-n-kloetje-op-pad,0.7710763484275616,0.7631707841034642,0,0,0,0,0
TTS_HO_leken,HS-wie-wollen-vanoavend-noar-borg-hier-in-t-dorp,0.7708688339899409,0.7803386052615388,0,0,0,0,0
TTS_HO_leken,GD-mor-t-is-gain-gewone-staine,0.7705172052279213,0.7935106591769395,0,0,0,0,0
TTS_HO_leken,HS-en-wat-doaronder-zat-was-ain-groot-gehaaim,0.7698091555608544,0.7765585521682529,0,0,0,0,0
TTS_HO_leken,OV-verdail-din-de-jam-over-dien-toart,0.7693388821950279,0.7639939288719538,0,0,0,0,0
TTS_HO_leken,OV-gonnent-waren-blaik-aandern-waren-rozeachteg-wit-en-weer-aandern-roomwit,0.7689178978111021,0.8108567705680013,0,0,0,0,0
TTS_HO_leken,GD-n-stout-jonkie-was-stiekem-in-t-wotter-goan-mor-hai-kon-nait-ains-zwemmen,0.7675184728932214,0.7939718285309477,0,0,0,0,0
TTS_HO_leken,HS-der-hong-n-dichte-dook-over-t-dorp-hin,0.7609080224464662,0.8023965279006392,0,0,0,0,0
TTS_HO_leken,HS-en-t-hoar-roeg-op-de-kop,0.7558149914310186,0.7696531368218974,0,0,0,0,0
TTS_HO_leken,OV-hail-goud-ruiern-zodat-der-gain-kloetjes-meer-ien-zitten,0.754944810577636,0.7723360294892753,0,0,0,0,0
TTS_HO_leken,GD-en-ain-van-zien-stroalen-vuil-op-de-mooie-widde-staine,0.7536033290441968,0.7885835021757961,0,0,0,0,0
TTS_HO_leken,GD-en-veurdat-ze-der-op-verdocht-was-stapte-ze-n-grode-schouwburgzoal-binnen,0.7527248186972829,0.7794288548228344,0,0,0,0,0
